,GCAG Mean Temp,GISTEMP Mean Temp
2016-12-06,0.7895,0.81
2016-11-06,0.7504,0.93
2016-10-06,0.7292,0.89
2016-09-06,0.8767,0.87
2016-08-06,0.8998,0.98
2016-07-06,0.8687,0.83
2016-06-06,0.9006,0.76
2016-05-06,0.8738,0.93
2016-04-06,1.0733,1.09
2016-03-06,1.2245,1.3
2016-02-06,1.1921,1.35
2016-01-06,1.0569,1.17
2015-12-06,1.1219,1.11
2015-11-06,0.9655,1.04
2015-10-06,0.9913,1.06
2015-09-06,0.926,0.81
2015-08-06,0.8746,0.78
2015-07-06,0.8072,0.71
2015-06-06,0.8835,0.78
2015-05-06,0.8584,0.78
2015-04-06,0.7741,0.74
2015-03-06,0.8969,0.9
2015-02-06,0.8843,0.86
2015-01-06,0.8141,0.81
2014-12-06,0.8308,0.79
2014-11-06,0.6895,0.67
2014-10-06,0.7851,0.85
2014-09-06,0.7872,0.9
2014-08-06,0.7986,0.82
2014-07-06,0.6988,0.57
2014-06-06,0.7623,0.66
2014-05-06,0.7938,0.87
2014-04-06,0.8006,0.78
2014-03-06,0.7695,0.77
2014-02-06,0.48,0.51
2014-01-06,0.6936,0.73
2013-12-06,0.6981,0.67
2013-11-06,0.8293,0.81
2013-10-06,0.6787,0.69
2013-09-06,0.6857,0.78
2013-08-06,0.6605,0.66
2013-07-06,0.6662,0.59
2013-06-06,0.6838,0.65
2013-05-06,0.7141,0.61
2013-04-06,0.561,0.52
2013-03-06,0.6139,0.66
2013-02-06,0.6357,0.55
2013-01-06,0.5873,0.68
2012-12-06,0.4655,0.53
2012-11-06,0.7087,0.75
2012-10-06,0.7022,0.78
2012-09-06,0.7266,0.76
2012-08-06,0.6694,0.63
2012-07-06,0.6884,0.57
2012-06-06,0.7039,0.62
2012-05-06,0.7221,0.76
2012-04-06,0.7335,0.69
2012-03-06,0.5218,0.58
2012-02-06,0.4235,0.49
2012-01-06,0.4228,0.46
2011-12-06,0.5485,0.54
2011-11-06,0.4857,0.56
2011-10-06,0.6349,0.66
2011-09-06,0.5998,0.56
2011-08-06,0.616,0.73
2011-07-06,0.6282,0.73
2011-06-06,0.6465,0.59
2011-05-06,0.5741,0.53
2011-04-06,0.6522,0.65
2011-03-06,0.5915,0.64
2011-02-06,0.4976,0.53
2011-01-06,0.4706,0.51
2010-12-06,0.4894,0.49
2010-11-06,0.7682,0.79
2010-10-06,0.6268,0.71
2010-09-06,0.5724,0.61
2010-08-06,0.6595,0.65
2010-07-06,0.7287,0.62
2010-06-06,0.7339,0.64
2010-05-06,0.7582,0.75
2010-04-06,0.8287,0.87
2010-03-06,0.847,0.92
2010-02-06,0.708,0.78
2010-01-06,0.6958,0.73
2009-12-06,0.6176,0.65
2009-11-06,0.6716,0.77
2009-10-06,0.6418,0.64
2009-09-06,0.7083,0.7
2009-08-06,0.6998,0.66
2009-07-06,0.6439,0.72
2009-06-06,0.6741,0.65
2009-05-06,0.5868,0.65
2009-04-06,0.6539,0.61
2009-03-06,0.5794,0.53
2009-02-06,0.5679,0.53
2009-01-06,0.5955,0.62
2008-12-06,0.5635,0.54
2008-11-06,0.6703,0.66
2008-10-06,0.669,0.67
2008-09-06,0.5318,0.65
2008-08-06,0.5594,0.44
2008-07-06,0.5796,0.6
2008-06-06,0.5314,0.48
2008-05-06,0.5011,0.51
2008-04-06,0.4827,0.53
2008-03-06,0.7625,0.73
2008-02-06,0.3774,0.36
2008-01-06,0.2746,0.24
2007-12-06,0.4872,0.5
2007-11-06,0.5172,0.57
2007-10-06,0.567,0.6
2007-09-06,0.5775,0.64
2007-08-06,0.5509,0.6
2007-07-06,0.5286,0.62
2007-06-06,0.5374,0.58
2007-05-06,0.609,0.67
2007-04-06,0.7336,0.76
2007-03-06,0.6668,0.7
2007-02-06,0.6609,0.7
2007-01-06,0.8839,0.96
2006-12-06,0.7692,0.77
2006-11-06,0.6449,0.72
2006-10-06,0.6774,0.69
2006-09-06,0.6337,0.64
2006-08-06,0.6231,0.72
2006-07-06,0.6218,0.54
2006-06-06,0.6399,0.64
2006-05-06,0.5499,0.47
2006-04-06,0.5177,0.5
2006-03-06,0.5931,0.63
2006-02-06,0.6221,0.7
2006-01-06,0.4567,0.57
2005-12-06,0.6235,0.68
2005-11-06,0.728,0.76
2005-10-06,0.693,0.8
2005-09-06,0.6867,0.78
2005-08-06,0.6247,0.63
2005-07-06,0.6572,0.66
2005-06-06,0.6722,0.67
2005-05-06,0.6573,0.65
2005-04-06,0.7314,0.69
2005-03-06,0.6918,0.69
2005-02-06,0.5143,0.58
2005-01-06,0.6223,0.72
2004-12-06,0.5081,0.52
2004-11-06,0.7601,0.72
2004-10-06,0.6177,0.66
2004-09-06,0.5331,0.53
2004-08-06,0.5141,0.45
2004-07-06,0.4806,0.26
2004-06-06,0.4707,0.43
2004-05-06,0.4442,0.42
2004-04-06,0.594,0.62
2004-03-06,0.6964,0.64
2004-02-06,0.7232,0.71
2004-01-06,0.5979,0.59
2003-12-06,0.7361,0.75
2003-11-06,0.5784,0.55
2003-10-06,0.7271,0.75
2003-09-06,0.6412,0.66
2003-08-06,0.6202,0.66
2003-07-06,0.5408,0.55
2003-06-06,0.5381,0.49
2003-05-06,0.5954,0.62
2003-04-06,0.5601,0.55
2003-03-06,0.5702,0.57
2003-02-06,0.5626,0.55
2003-01-06,0.6907,0.73
2002-12-06,0.4366,0.43
2002-11-06,0.5918,0.59
2002-10-06,0.4773,0.57
2002-09-06,0.5661,0.65
2002-08-06,0.5359,0.55
2002-07-06,0.6229,0.62
2002-06-06,0.589,0.54
2002-05-06,0.5656,0.65
2002-04-06,0.5725,0.58
2002-03-06,0.7887,0.91
2002-02-06,0.7846,0.76
2002-01-06,0.6962,0.75
2001-12-06,0.5128,0.55
2001-11-06,0.688,0.7
2001-10-06,0.5006,0.52
2001-09-06,0.505,0.56
2001-08-06,0.6032,0.49
2001-07-06,0.5586,0.61
2001-06-06,0.5373,0.55
2001-05-06,0.5997,0.59
2001-04-06,0.5666,0.52
2001-03-06,0.6293,0.58
2001-02-06,0.3946,0.46
2001-01-06,0.472,0.44
2000-12-06,0.3192,0.3
2000-11-06,0.2557,0.34
2000-10-06,0.3027,0.3
2000-09-06,0.4384,0.42
2000-08-06,0.4557,0.43
2000-07-06,0.3919,0.42
2000-06-06,0.4076,0.44
2000-05-06,0.4657,0.4
2000-04-06,0.6311,0.59
2000-03-06,0.5561,0.6
2000-02-06,0.5439,0.58
2000-01-06,0.3467,0.26
1999-12-06,0.5779,0.46
1999-11-06,0.3688,0.42
1999-10-06,0.3773,0.43
1999-09-06,0.3976,0.43
1999-08-06,0.3695,0.34
1999-07-06,0.4029,0.41
1999-06-06,0.4203,0.37
1999-05-06,0.4086,0.33
1999-04-06,0.459,0.34
1999-03-06,0.3702,0.34
1999-02-06,0.6733,0.66
1999-01-06,0.5007,0.48
1998-12-06,0.5796,0.56
1998-11-06,0.4132,0.5
1998-10-06,0.4965,0.47
1998-09-06,0.5271,0.45
1998-08-06,0.6816,0.68
1998-07-06,0.7358,0.71
1998-06-06,0.6657,0.78
1998-05-06,0.6679,0.71
1998-04-06,0.7358,0.64
1998-03-06,0.6396,0.63
1998-02-06,0.866,0.9
1998-01-06,0.6042,0.61
1997-12-06,0.6302,0.6
1997-11-06,0.5865,0.66
1997-10-06,0.6487,0.64
1997-09-06,0.625,0.56
1997-08-06,0.5491,0.43
1997-07-06,0.5101,0.35
1997-06-06,0.5308,0.55
1997-05-06,0.4235,0.39
1997-04-06,0.4551,0.38
1997-03-06,0.4617,0.52
1997-02-06,0.4288,0.37
1997-01-06,0.3746,0.33
1996-12-06,0.3893,0.41
1996-11-06,0.2816,0.42
1996-10-06,0.2276,0.2
1996-09-06,0.2696,0.27
1996-08-06,0.3206,0.49
1996-07-06,0.3238,0.37
1996-06-06,0.3547,0.27
1996-05-06,0.3908,0.3
1996-04-06,0.2725,0.38
1996-03-06,0.3242,0.34
1996-02-06,0.4562,0.5
1996-01-06,0.2625,0.27
1995-12-06,0.3477,0.3
1995-11-06,0.455,0.45
1995-10-06,0.4376,0.49
1995-09-06,0.3865,0.34
1995-08-06,0.5056,0.48
1995-07-06,0.4295,0.49
1995-06-06,0.4657,0.45
1995-05-06,0.3537,0.29
1995-04-06,0.4097,0.47
1995-03-06,0.4637,0.45
1995-02-06,0.6895,0.77
1995-01-06,0.5487,0.5
1994-12-06,0.4009,0.36
1994-11-06,0.453,0.46
1994-10-06,0.4273,0.42
1994-09-06,0.33,0.32
1994-08-06,0.3119,0.23
1994-07-06,0.3155,0.32
1994-06-06,0.387,0.42
1994-05-06,0.3819,0.29
1994-04-06,0.3568,0.41
1994-03-06,0.3568,0.26
1994-02-06,0.0791,0.04
1994-01-06,0.2902,0.3
1993-12-06,0.3188,0.19
1993-11-06,0.092,0.07
1993-10-06,0.2442,0.24
1993-09-06,0.1692,0.11
1993-08-06,0.2118,0.13
1993-07-06,0.2336,0.28
1993-06-06,0.293,0.24
1993-05-06,0.3438,0.26
1993-04-06,0.3155,0.28
1993-03-06,0.4208,0.36
1993-02-06,0.3967,0.39
1993-01-06,0.384,0.37
1992-12-06,0.2833,0.22
1992-11-06,0.0943,0.04
1992-10-06,0.1154,0.11
1992-09-06,0.0588,0.01
1992-08-06,0.1405,0.1
1992-07-06,0.1359,0.13
1992-06-06,0.2821,0.24
1992-05-06,0.3276,0.32
1992-04-06,0.2936,0.24
1992-03-06,0.4333,0.47
1992-02-06,0.4485,0.42
1992-01-06,0.4721,0.45
1991-12-06,0.3064,0.33
1991-11-06,0.3175,0.31
1991-10-06,0.3292,0.32
1991-09-06,0.3863,0.5
1991-08-06,0.388,0.42
1991-07-06,0.4462,0.51
1991-06-06,0.4813,0.54
1991-05-06,0.4107,0.39
1991-04-06,0.5168,0.53
1991-03-06,0.3658,0.36
1991-02-06,0.4661,0.51
1991-01-06,0.4512,0.42
1990-12-06,0.4481,0.42
1990-11-06,0.4797,0.46
1990-10-06,0.4277,0.43
1990-09-06,0.3144,0.3
1990-08-06,0.3479,0.3
1990-07-06,0.3453,0.44
1990-06-06,0.4114,0.38
1990-05-06,0.4274,0.46
1990-04-06,0.4907,0.55
1990-03-06,0.7328,0.76
1990-02-06,0.4072,0.41
1990-01-06,0.3613,0.41
1989-12-06,0.4013,0.37
1989-11-06,0.2541,0.21
1989-10-06,0.3044,0.32
1989-09-06,0.3019,0.37
1989-08-06,0.3021,0.36
1989-07-06,0.3016,0.34
1989-06-06,0.2727,0.15
1989-05-06,0.2779,0.17
1989-04-06,0.2891,0.33
1989-03-06,0.336,0.36
1989-02-06,0.3072,0.35
1989-01-06,0.2157,0.16
1988-12-06,0.3626,0.34
1988-11-06,0.2291,0.13
1988-10-06,0.3009,0.4
1988-09-06,0.3211,0.42
1988-08-06,0.3199,0.46
1988-07-06,0.3431,0.35
1988-06-06,0.3865,0.42
1988-05-06,0.3811,0.44
1988-04-06,0.4426,0.45
1988-03-06,0.4828,0.49
1988-02-06,0.3901,0.42
1988-01-06,0.5487,0.57
1987-12-06,0.5316,0.47
1987-11-06,0.3306,0.25
1987-10-06,0.3347,0.32
1987-09-06,0.4321,0.39
1987-08-06,0.3832,0.28
1987-07-06,0.4182,0.46
1987-06-06,0.3013,0.36
1987-05-06,0.3339,0.26
1987-04-06,0.3009,0.24
1987-03-06,0.2541,0.17
1987-02-06,0.5028,0.46
1987-01-06,0.3115,0.36
1986-12-06,0.2179,0.16
1986-11-06,0.1548,0.11
1986-10-06,0.2066,0.14
1986-09-06,0.1716,0.02
1986-08-06,0.1698,0.12
1986-07-06,0.1686,0.13
1986-06-06,0.2534,0.12
1986-05-06,0.2507,0.26
1986-04-06,0.2613,0.26
1986-03-06,0.2966,0.29
1986-02-06,0.2788,0.39
1986-01-06,0.3249,0.3
1985-12-06,0.1978,0.15
1985-11-06,0.1181,0.09
1985-10-06,0.1303,0.11
1985-09-06,0.101,0.14
1985-08-06,0.1287,0.15
1985-07-06,0.0779,0.0
1985-06-06,0.129,0.17
1985-05-06,0.1959,0.17
1985-04-06,0.1488,0.11
1985-03-06,0.1875,0.17
1985-02-06,0.0176,-0.06
1985-01-06,0.1783,0.21
1984-12-06,-0.0926,-0.06
1984-11-06,0.0365,0.04
1984-10-06,0.1187,0.15
1984-09-06,0.1431,0.2
1984-08-06,0.1687,0.15
1984-07-06,0.1193,0.16
1984-06-06,0.1306,0.04
1984-05-06,0.2834,0.33
1984-04-06,0.1503,0.08
1984-03-06,0.272,0.29
1984-02-06,0.1753,0.17
1984-01-06,0.2831,0.3
1983-12-06,0.2748,0.17
1983-11-06,0.4313,0.3
1983-10-06,0.2113,0.15
1983-09-06,0.3175,0.38
1983-08-06,0.3228,0.3
1983-07-06,0.2663,0.15
1983-06-06,0.2629,0.18
1983-05-06,0.2881,0.35
1983-04-06,0.2918,0.3
1983-03-06,0.4256,0.42
1983-02-06,0.4834,0.4
1983-01-06,0.5169,0.52
1982-12-06,0.4355,0.43
1982-11-06,0.151,0.14
1982-10-06,0.1771,0.13
1982-09-06,0.233,0.15
1982-08-06,0.1406,0.08
1982-07-06,0.1436,0.13
1982-06-06,0.1231,0.05
1982-05-06,0.1923,0.16
1982-04-06,0.2054,0.1
1982-03-06,0.0833,-0.01
1982-02-06,0.1593,0.14
1982-01-06,0.1342,0.09
1981-12-06,0.42,0.4
1981-11-06,0.2119,0.21
1981-10-06,0.1687,0.13
1981-09-06,0.186,0.17
1981-08-06,0.2428,0.35
1981-07-06,0.2268,0.35
1981-06-06,0.2853,0.31
1981-05-06,0.262,0.25
1981-04-06,0.3579,0.32
1981-03-06,0.4083,0.48
1981-02-06,0.3629,0.41
1981-01-06,0.4656,0.56
1980-12-06,0.2674,0.21
1980-11-06,0.3319,0.3
1980-10-06,0.1821,0.2
1980-09-06,0.2008,0.21
1980-08-06,0.1957,0.24
1980-07-06,0.2172,0.28
1980-06-06,0.2474,0.16
1980-05-06,0.316,0.34
1980-04-06,0.3082,0.32
1980-03-06,0.2389,0.29
1980-02-06,0.3506,0.42
1980-01-06,0.308,0.3
1979-12-06,0.5032,0.47
1979-11-06,0.2953,0.29
1979-10-06,0.2945,0.26
1979-09-06,0.2519,0.27
1979-08-06,0.2263,0.14
1979-07-06,0.1746,0.03
1979-06-06,0.2183,0.14
1979-05-06,0.1569,0.06
1979-04-06,0.1112,0.13
1979-03-06,0.243,0.19
1979-02-06,0.0922,-0.09
1979-01-06,0.1602,0.14
1978-12-06,0.1512,0.11
1978-11-06,0.2245,0.16
1978-10-06,0.0646,0.0
1978-09-06,0.0748,0.05
1978-08-06,0.0033,-0.18
1978-07-06,0.0699,0.07
1978-06-06,0.0532,-0.03
1978-05-06,0.0596,0.07
1978-04-06,0.1324,0.15
1978-03-06,0.2228,0.21
1978-02-06,0.1306,0.14
1978-01-06,0.1606,0.08
1977-12-06,0.1124,0.05
1977-11-06,0.2603,0.2
1977-10-06,0.1189,0.04
1977-09-06,0.1867,0.02
1977-08-06,0.1418,0.19
1977-07-06,0.1737,0.23
1977-06-06,0.2474,0.25
1977-05-06,0.2368,0.3
1977-04-06,0.282,0.27
1977-03-06,0.3109,0.25
1977-02-06,0.2384,0.2
1977-01-06,0.0639,0.18
1976-12-06,0.0906,0.09
1976-11-06,-0.0432,-0.06
1976-10-06,-0.1821,-0.26
1976-09-06,-0.0426,-0.09
1976-08-06,-0.0894,-0.18
1976-07-06,-0.0846,-0.12
1976-06-06,-0.074,-0.15
1976-05-06,-0.1228,-0.23
1976-04-06,-0.0223,-0.1
1976-03-06,-0.2394,-0.21
1976-02-06,-0.1221,-0.06
1976-01-06,-0.0181,0.0
1975-12-06,-0.0895,-0.17
1975-11-06,-0.145,-0.16
1975-10-06,-0.1236,-0.09
1975-09-06,0.017,-0.03
1975-08-06,-0.0671,-0.2
1975-07-06,0.0055,-0.03
1975-06-06,0.0342,-0.02
1975-05-06,0.0693,0.16
1975-04-06,0.0779,0.06
1975-03-06,0.1096,0.14
1975-02-06,0.0326,0.07
1975-01-06,0.1201,0.07
1974-12-06,-0.0976,-0.09
1974-11-06,-0.0671,-0.07
1974-10-06,-0.0831,-0.07
1974-09-06,-0.0428,-0.12
1974-08-06,0.0131,0.12
1974-07-06,0.0195,-0.03
1974-06-06,-0.0375,-0.05
1974-05-06,-0.0246,-0.01
1974-04-06,-0.042,-0.1
1974-03-06,-0.0509,-0.05
1974-02-06,-0.2548,-0.28
1974-01-06,-0.1953,-0.14
1973-12-06,0.0277,-0.06
1973-11-06,0.022,0.06
1973-10-06,0.0446,0.12
1973-09-06,0.0563,0.06
1973-08-06,0.0774,0.02
1973-07-06,0.1163,0.09
1973-06-06,0.1972,0.16
1973-05-06,0.2152,0.26
1973-04-06,0.2502,0.25
1973-03-06,0.3305,0.26
1973-02-06,0.3722,0.3
1973-01-06,0.259,0.28
1972-12-06,0.2529,0.18
1972-11-06,0.0799,0.03
1972-10-06,0.0891,0.09
1972-09-06,0.0207,0.03
1972-08-06,0.0863,0.18
1972-07-06,0.0639,0.02
1972-06-06,0.0765,0.04
1972-05-06,0.0147,-0.03
1972-04-06,0.0357,-0.01
1972-03-06,0.0014,0.02
1972-02-06,-0.1624,-0.17
1972-01-06,-0.2415,-0.24
1971-12-06,-0.0198,-0.08
1971-11-06,0.0363,-0.04
1971-10-06,-0.0763,-0.05
1971-09-06,-0.0443,-0.01
1971-08-06,-0.0688,-0.03
1971-07-06,-0.063,-0.12
1971-06-06,-0.1243,-0.18
1971-05-06,-0.0899,-0.06
1971-04-06,-0.1299,-0.09
1971-03-06,-0.1412,-0.18
1971-02-06,-0.2144,-0.2
1971-01-06,-0.0045,-0.02
1970-12-06,-0.0954,-0.13
1970-11-06,0.0226,0.01
1970-10-06,-0.0367,0.05
1970-09-06,0.0077,0.11
1970-08-06,-0.0198,-0.11
1970-07-06,-0.0218,-0.04
1970-06-06,0.0295,-0.03
1970-05-06,0.0414,-0.05
1970-04-06,0.131,0.09
1970-03-06,0.0317,0.08
1970-02-06,0.2353,0.22
1970-01-06,0.1214,0.09
1969-12-06,0.2468,0.27
1969-11-06,0.1896,0.12
1969-10-06,0.0713,0.11
1969-09-06,0.0843,0.1
1969-08-06,0.0954,0.03
1969-07-06,0.0933,-0.01
1969-06-06,0.0766,0.05
1969-05-06,0.1756,0.2
1969-04-06,0.1935,0.19
1969-03-06,0.1222,0.0
1969-02-06,-0.1038,-0.14
1969-01-06,-0.1295,-0.11
1968-12-06,-0.0431,-0.14
1968-11-06,0.0156,-0.04
1968-10-06,0.0471,0.12
1968-09-06,-0.0112,-0.18
1968-08-06,-0.0143,-0.11
1968-07-06,-0.0197,-0.11
1968-06-06,-0.0161,-0.06
1968-05-06,-0.0803,-0.1
1968-04-06,-0.0703,-0.05
1968-03-06,0.1508,0.21
1968-02-06,-0.1266,-0.15
1968-01-06,-0.1865,-0.23
1967-12-06,-0.04,-0.02
1967-11-06,-0.0212,-0.06
1967-10-06,0.1288,0.06
1967-09-06,-0.0317,-0.04
1967-08-06,-0.0055,0.02
1967-07-06,-0.0177,0.01
1967-06-06,-0.0299,-0.08
1967-05-06,0.1243,0.14
1967-04-06,0.0056,-0.05
1967-03-06,0.0029,0.03
1967-02-06,-0.1656,-0.2
1967-01-06,-0.1068,-0.06
1966-12-06,-0.1244,-0.06
1966-11-06,-0.0465,-0.02
1966-10-06,-0.0592,-0.15
1966-09-06,0.0261,-0.01
1966-08-06,0.0191,-0.1
1966-07-06,0.0667,0.09
1966-06-06,0.0577,0.02
1966-05-06,-0.0359,-0.1
1966-04-06,-0.0908,-0.13
1966-03-06,-0.0025,0.04
1966-02-06,-0.0373,0.0
1966-01-06,-0.0458,-0.16
1965-12-06,-0.0124,-0.05
1965-11-06,-0.09,-0.06
1965-10-06,0.0238,-0.04
1965-09-06,-0.0503,-0.15
1965-08-06,-0.0464,-0.01
1965-07-06,-0.0841,-0.12
1965-06-06,-0.0434,-0.08
1965-05-06,-0.0787,-0.14
1965-04-06,-0.1875,-0.2
1965-03-06,-0.1005,-0.11
1965-02-06,-0.1966,-0.17
1965-01-06,-0.0699,-0.09
1964-12-06,-0.2651,-0.3
1964-11-06,-0.2017,-0.21
1964-10-06,-0.2665,-0.3
1964-09-06,-0.2093,-0.28
1964-08-06,-0.1669,-0.2
1964-07-06,-0.1111,-0.07
1964-06-06,-0.0931,-0.07
1964-05-06,-0.098,-0.25
1964-04-06,-0.1847,-0.3
1964-03-06,-0.1421,-0.22
1964-02-06,-0.1048,-0.12
1964-01-06,0.0488,-0.06
1963-12-06,0.0812,0.0
1963-11-06,0.1947,0.15
1963-10-06,0.2148,0.15
1963-09-06,0.1629,0.2
1963-08-06,0.1579,0.25
1963-07-06,0.1382,0.08
1963-06-06,0.0499,0.03
1963-05-06,0.013,-0.09
1963-04-06,-0.0041,-0.05
1963-03-06,-0.0216,-0.13
1963-02-06,0.2566,0.19
1963-01-06,0.0376,-0.03
1962-12-06,0.0881,-0.01
1962-11-06,0.0745,0.06
1962-10-06,0.0796,-0.03
1962-09-06,0.0606,-0.01
1962-08-06,0.0552,-0.02
1962-07-06,0.0905,-0.02
1962-06-06,0.0574,0.06
1962-05-06,0.0589,-0.06
1962-04-06,0.0763,0.05
1962-03-06,0.1197,0.12
1962-02-06,0.1698,0.14
1962-01-06,0.1345,0.08
1961-12-06,-0.0171,-0.15
1961-11-06,0.016,0.03
1961-10-06,-0.035,0.0
1961-09-06,-0.0041,0.05
1961-08-06,0.032,0.02
1961-07-06,0.035,-0.03
1961-06-06,0.1479,0.12
1961-05-06,0.1614,0.13
1961-04-06,0.1335,0.15
1961-03-06,0.1646,0.09
1961-02-06,0.1768,0.18
1961-01-06,0.1188,0.07
1960-12-06,0.2278,0.18
1960-11-06,-0.0484,-0.11
1960-10-06,0.039,0.07
1960-09-06,0.0638,0.05
1960-08-06,0.0461,-0.01
1960-07-06,0.0339,-0.02
1960-06-06,0.0772,0.01
1960-05-06,-0.0841,-0.08
1960-04-06,-0.0954,-0.16
1960-03-06,-0.2041,-0.36
1960-02-06,0.1858,0.14
1960-01-06,0.0032,-0.01
1959-12-06,-0.0343,-0.03
1959-11-06,-0.079,-0.09
1959-10-06,-0.0137,-0.09
1959-09-06,0.097,-0.06
1959-08-06,0.0516,-0.01
1959-07-06,0.0671,0.06
1959-06-06,0.0849,0.02
1959-05-06,0.0263,0.06
1959-04-06,0.118,0.16
1959-03-06,0.2041,0.19
1959-02-06,0.0682,0.09
1959-01-06,0.125,0.06
1958-12-06,0.1452,0.01
1958-11-06,0.0896,0.02
1958-10-06,0.0405,0.04
1958-09-06,0.0186,-0.03
1958-08-06,0.0528,-0.06
1958-07-06,0.0649,0.06
1958-06-06,0.0624,-0.05
1958-05-06,0.1007,0.08
1958-04-06,0.114,0.01
1958-03-06,0.1181,0.1
1958-02-06,0.2103,0.24
1958-01-06,0.2964,0.39
1957-12-06,0.229,0.16
1957-11-06,0.1282,0.07
1957-10-06,0.0143,0.01
1957-09-06,0.0748,0.06
1957-08-06,0.1302,0.14
1957-07-06,0.0596,0.01
1957-06-06,0.1577,0.16
1957-05-06,0.1092,0.08
1957-04-06,-0.0193,-0.04
1957-03-06,-0.068,-0.05
1957-02-06,-0.1118,-0.05
1957-01-06,-0.1178,-0.14
1956-12-06,-0.153,-0.1
1956-11-06,-0.1564,-0.17
1956-10-06,-0.1989,-0.24
1956-09-06,-0.252,-0.22
1956-08-06,-0.1866,-0.25
1956-07-06,-0.1346,-0.12
1956-06-06,-0.1437,-0.15
1956-05-06,-0.2275,-0.28
1956-04-06,-0.2846,-0.26
1956-03-06,-0.2003,-0.23
1956-02-06,-0.2732,-0.25
1956-01-06,-0.1773,-0.17
1955-12-06,-0.2706,-0.32
1955-11-06,-0.2373,-0.28
1955-10-06,-0.1232,-0.05
1955-09-06,-0.0923,-0.13
1955-08-06,-0.0262,0.04
1955-07-06,-0.0881,-0.09
1955-06-06,-0.0695,-0.08
1955-05-06,-0.1274,-0.2
1955-04-06,-0.2383,-0.23
1955-03-06,-0.3091,-0.36
1955-02-06,-0.1303,-0.21
1955-01-06,0.0879,0.11
1954-12-06,-0.1859,-0.18
1954-11-06,0.039,0.08
1954-10-06,-0.0694,-0.01
1954-09-06,-0.0595,-0.07
1954-08-06,-0.0913,-0.13
1954-07-06,-0.1229,-0.16
1954-06-06,-0.1161,-0.16
1954-05-06,-0.202,-0.2
1954-04-06,-0.1766,-0.18
1954-03-06,-0.091,-0.12
1954-02-06,-0.0865,-0.1
1954-01-06,-0.2352,-0.28
1953-12-06,0.0555,0.03
1953-11-06,-0.0621,-0.05
1953-10-06,0.0723,0.05
1953-09-06,0.0632,0.06
1953-08-06,0.0812,0.08
1953-07-06,0.0662,0.02
1953-06-06,0.124,0.08
1953-05-06,0.144,0.08
1953-04-06,0.1873,0.2
1953-03-06,0.1539,0.11
1953-02-06,0.1534,0.16
1953-01-06,0.1037,0.09
1952-12-06,-0.008,-0.02
1952-11-06,-0.1975,-0.17
1952-10-06,-0.0366,-0.04
1952-09-06,0.0653,0.08
1952-08-06,0.0647,0.07
1952-07-06,0.0735,0.05
1952-06-06,0.0396,-0.04
1952-05-06,0.034,-0.05
1952-04-06,0.0666,0.02
1952-03-06,-0.048,-0.1
1952-02-06,0.0921,0.12
1952-01-06,0.152,0.16
1951-12-06,0.2148,0.15
1951-11-06,0.026,0.0
1951-10-06,0.1081,0.06
1951-09-06,0.1322,0.07
1951-08-06,0.113,0.05
1951-07-06,0.1101,0.0
1951-06-06,0.0381,-0.05
1951-05-06,0.0569,-0.02
1951-04-06,-0.0877,-0.1
1951-03-06,-0.1689,-0.19
1951-02-06,-0.4101,-0.44
1951-01-06,-0.2903,-0.35
1950-12-06,-0.181,-0.2
1950-11-06,-0.3605,-0.35
1950-10-06,-0.1661,-0.2
1950-09-06,-0.1049,-0.1
1950-08-06,-0.1382,-0.18
1950-07-06,-0.1053,-0.09
1950-06-06,-0.0559,-0.06
1950-05-06,-0.0536,-0.12
1950-04-06,-0.1706,-0.21
1950-03-06,-0.0868,-0.06
1950-02-06,-0.2389,-0.26
1950-01-06,-0.2777,-0.3
1949-12-06,-0.1821,-0.19
1949-11-06,-0.0534,-0.08
1949-10-06,-0.0297,-0.03
1949-09-06,-0.0701,-0.08
1949-08-06,-0.0217,-0.08
1949-07-06,-0.077,-0.13
1949-06-06,-0.1486,-0.22
1949-05-06,-0.0063,-0.09
1949-04-06,0.0076,-0.07
1949-03-06,-0.0732,-0.01
1949-02-06,-0.1476,-0.16
1949-01-06,0.1209,0.09
1948-12-06,-0.1121,-0.23
1948-11-06,-0.056,-0.08
1948-10-06,-0.065,-0.07
1948-09-06,-0.1032,-0.1
1948-08-06,-0.0282,-0.1
1948-07-06,-0.0622,-0.13
1948-06-06,-0.015,-0.05
1948-05-06,0.1427,0.08
1948-04-06,-0.0646,-0.09
1948-03-06,-0.1841,-0.23
1948-02-06,-0.0906,-0.13
1948-01-06,0.0535,0.05
1947-12-06,-0.1463,-0.18
1947-11-06,-0.0238,-0.01
1947-10-06,0.0549,0.06
1947-09-06,-0.1306,-0.14
1947-08-06,-0.0623,-0.08
1947-07-06,-0.0138,-0.06
1947-06-06,0.0208,0.0
1947-05-06,-0.019,-0.06
1947-04-06,0.0143,0.04
1947-03-06,-0.0079,0.05
1947-02-06,-0.0774,-0.08
1947-01-06,-0.1816,-0.13
1946-12-06,-0.2636,-0.29
1946-11-06,-0.0119,-0.02
1946-10-06,-0.0057,-0.06
1946-09-06,-0.0164,-0.02
1946-08-06,-0.0697,-0.08
1946-07-06,-0.0367,-0.09
1946-06-06,-0.1016,-0.17
1946-05-06,-0.0298,-0.04
1946-04-06,0.1768,0.11
1946-03-06,0.0005,0.0
1946-02-06,0.0888,0.06
1946-01-06,0.2209,0.15
1945-12-06,-0.0475,-0.1
1945-11-06,0.1955,0.1
1945-10-06,0.2569,0.22
1945-09-06,0.2578,0.22
1945-08-06,0.3546,0.25
1945-07-06,0.1652,0.07
1945-06-06,0.1413,0.02
1945-05-06,0.1761,0.1
1945-04-06,0.2764,0.24
1945-03-06,0.1072,0.11
1945-02-06,0.0149,0.02
1945-01-06,0.1535,0.13
1944-12-06,0.0951,0.05
1944-11-06,0.1518,0.12
1944-10-06,0.323,0.27
1944-09-06,0.3855,0.31
1944-08-06,0.2804,0.23
1944-07-06,0.3145,0.23
1944-06-06,0.3348,0.22
1944-05-06,0.2618,0.26
1944-04-06,0.2718,0.27
1944-03-06,0.3676,0.34
1944-02-06,0.3032,0.31
1944-01-06,0.4241,0.41
1943-12-06,0.3539,0.28
1943-11-06,0.2459,0.25
1943-10-06,0.3095,0.3
1943-09-06,0.1425,0.11
1943-08-06,0.0992,0.03
1943-07-06,0.183,0.14
1943-06-06,0.0245,-0.01
1943-05-06,0.1326,0.1
1943-04-06,0.1726,0.13
1943-03-06,0.0762,0.01
1943-02-06,0.1683,0.22
1943-01-06,-0.0241,-0.01
1942-12-06,0.1515,0.12
1942-11-06,0.167,0.13
1942-10-06,0.1495,0.06
1942-09-06,0.1179,0.0
1942-08-06,0.044,-0.03
1942-07-06,0.0768,0.02
1942-06-06,0.2098,0.11
1942-05-06,0.1665,0.14
1942-04-06,0.19,0.14
1942-03-06,0.1771,0.13
1942-02-06,0.0971,0.05
1942-01-06,0.2983,0.26
1941-12-06,0.2108,0.14
1941-11-06,0.2212,0.12
1941-10-06,0.313,0.24
1941-09-06,0.0881,0.02
1941-08-06,0.1736,0.14
1941-07-06,0.2069,0.15
1941-06-06,0.1614,0.04
1941-05-06,0.2446,0.1
1941-04-06,0.2229,0.11
1941-03-06,0.1023,0.06
1941-02-06,0.227,0.23
1941-01-06,0.1802,0.13
1940-12-06,0.2683,0.19
1940-11-06,0.1004,0.13
1940-10-06,0.0993,0.07
1940-09-06,0.1483,0.12
1940-08-06,0.0902,0.01
1940-07-06,0.1459,0.1
1940-06-06,0.1039,0.05
1940-05-06,0.0556,0.05
1940-04-06,0.1286,0.16
1940-03-06,0.0671,0.12
1940-02-06,0.0514,0.06
1940-01-06,-0.1226,-0.15
1939-12-06,0.4057,0.4
1939-11-06,0.044,0.06
1939-10-06,-0.0427,-0.03
1939-09-06,0.0111,0.0
1939-08-06,0.0555,-0.05
1939-07-06,0.0061,-0.06
1939-06-06,-0.0077,-0.08
1939-05-06,-0.0366,-0.07
1939-04-06,-0.1319,-0.12
1939-03-06,-0.1897,-0.2
1939-02-06,-0.1137,-0.12
1939-01-06,-0.1665,-0.13
1938-12-06,-0.2541,-0.26
1938-11-06,0.0039,0.01
1938-10-06,0.0724,0.11
1938-09-06,0.0293,0.03
1938-08-06,-0.0149,-0.04
1938-07-06,-0.0505,-0.09
1938-06-06,-0.0939,-0.17
1938-05-06,-0.019,-0.07
1938-04-06,0.0428,0.05
1938-03-06,0.0308,0.05
1938-02-06,-0.054,-0.04
1938-01-06,-0.0378,0.0
1937-12-06,-0.0919,-0.12
1937-11-06,0.0099,0.09
1937-10-06,0.1137,0.1
1937-09-06,0.1316,0.14
1937-08-06,0.093,0.03
1937-07-06,-0.0004,-0.05
1937-06-06,0.0126,-0.08
1937-05-06,-0.0187,-0.07
1937-04-06,-0.1262,-0.17
1937-03-06,-0.1823,-0.17
1937-02-06,0.0385,0.05
1937-01-06,-0.1684,-0.11
1936-12-06,-0.0193,-0.04
1936-11-06,-0.0275,-0.05
1936-10-06,-0.0224,-0.04
1936-09-06,-0.0389,-0.06
1936-08-06,-0.0557,-0.12
1936-07-06,-0.0139,-0.06
1936-06-06,-0.1075,-0.19
1936-05-06,-0.1178,-0.17
1936-04-06,-0.1789,-0.2
1936-03-06,-0.2107,-0.23
1936-02-06,-0.3137,-0.39
1936-01-06,-0.2547,-0.29
1935-12-06,-0.1769,-0.22
1935-11-06,-0.2707,-0.29
1935-10-06,-0.013,-0.08
1935-09-06,-0.0916,-0.17
1935-08-06,-0.1003,-0.17
1935-07-06,-0.1155,-0.19
1935-06-06,-0.1706,-0.23
1935-05-06,-0.2038,-0.26
1935-04-06,-0.2567,-0.35
1935-03-06,-0.1475,-0.13
1935-02-06,0.1659,0.11
1935-01-06,-0.2894,-0.37
1934-12-06,-0.0256,-0.09
1934-11-06,0.0128,-0.01
1934-10-06,-0.0693,-0.11
1934-09-06,-0.1226,-0.16
1934-08-06,-0.0548,-0.1
1934-07-06,-0.0894,-0.11
1934-06-06,-0.0025,-0.14
1934-05-06,-0.0444,-0.11
1934-04-06,-0.2318,-0.27
1934-03-06,-0.2574,-0.31
1934-02-06,-0.0231,-0.04
1934-01-06,-0.3102,-0.27
1933-12-06,-0.4069,-0.47
1933-11-06,-0.2548,-0.31
1933-10-06,-0.1879,-0.24
1933-09-06,-0.2214,-0.26
1933-08-06,-0.1889,-0.23
1933-07-06,-0.181,-0.2
1933-06-06,-0.2007,-0.32
1933-05-06,-0.2091,-0.25
1933-04-06,-0.2044,-0.23
1933-03-06,-0.2476,-0.29
1933-02-06,-0.3167,-0.32
1933-01-06,-0.3073,-0.34
1932-12-06,-0.1861,-0.22
1932-11-06,-0.1945,-0.26
1932-10-06,-0.0926,-0.1
1932-09-06,-0.0695,-0.11
1932-08-06,-0.1757,-0.24
1932-07-06,-0.1208,-0.24
1932-06-06,-0.1578,-0.3
1932-05-06,-0.1674,-0.22
1932-04-06,-0.0324,-0.07
1932-03-06,-0.1799,-0.2
1932-02-06,-0.1794,-0.18
1932-01-06,0.1547,0.13
1931-12-06,-0.1052,-0.1
1931-11-06,-0.1139,-0.12
1931-10-06,0.0092,0.0
1931-09-06,0.0035,-0.06
1931-08-06,0.0047,0.0
1931-07-06,-0.0155,0.01
1931-06-06,-0.0185,-0.06
1931-05-06,-0.1499,-0.22
1931-04-06,-0.1625,-0.21
1931-03-06,-0.0061,-0.06
1931-02-06,-0.2225,-0.22
1931-01-06,-0.047,-0.1
1930-12-06,0.0064,-0.09
1930-11-06,0.1368,0.14
1930-10-06,-0.0011,-0.08
1930-09-06,-0.1043,-0.11
1930-08-06,-0.09,-0.11
1930-07-06,-0.0692,-0.17
1930-06-06,-0.1135,-0.19
1930-05-06,-0.1976,-0.25
1930-04-06,-0.195,-0.26
1930-03-06,-0.0549,-0.08
1930-02-06,-0.2,-0.24
1930-01-06,-0.3206,-0.29
1929-12-06,-0.5167,-0.55
1929-11-06,-0.0971,-0.14
1929-10-06,-0.1185,-0.15
1929-09-06,-0.2089,-0.23
1929-08-06,-0.2078,-0.29
1929-07-06,-0.2735,-0.33
1929-06-06,-0.2746,-0.43
1929-05-06,-0.2886,-0.39
1929-04-06,-0.2976,-0.4
1929-03-06,-0.2654,-0.34
1929-02-06,-0.5495,-0.61
1929-01-06,-0.484,-0.47
1928-12-06,-0.1713,-0.2
1928-11-06,-0.0679,-0.09
1928-10-06,-0.1256,-0.19
1928-09-06,-0.1904,-0.2
1928-08-06,-0.1997,-0.25
1928-07-06,-0.1773,-0.21
1928-06-06,-0.2777,-0.41
1928-05-06,-0.1866,-0.3
1928-04-06,-0.2444,-0.29
1928-03-06,-0.263,-0.28
1928-02-06,-0.145,-0.12
1928-01-06,-0.08,-0.04
1927-12-06,-0.3132,-0.36
1927-11-06,-0.0397,-0.04
1927-10-06,0.014,-0.01
1927-09-06,-0.0275,-0.06
1927-08-06,-0.1145,-0.19
1927-07-06,-0.1035,-0.15
1927-06-06,-0.2014,-0.27
1927-05-06,-0.2286,-0.25
1927-04-06,-0.2207,-0.31
1927-03-06,-0.2563,-0.39
1927-02-06,-0.1917,-0.21
1927-01-06,-0.1723,-0.28
1926-12-06,-0.2158,-0.3
1926-11-06,-0.0784,-0.06
1926-10-06,-0.084,-0.11
1926-09-06,-0.1031,-0.11
1926-08-06,-0.0882,-0.11
1926-07-06,-0.1582,-0.21
1926-06-06,-0.1224,-0.25
1926-05-06,-0.1345,-0.25
1926-04-06,-0.1389,-0.15
1926-03-06,0.0756,0.12
1926-02-06,0.0811,0.07
1926-01-06,0.166,0.2
1925-12-06,0.1358,0.11
1925-11-06,0.0584,0.03
1925-10-06,-0.1326,-0.17
1925-09-06,-0.104,-0.13
1925-08-06,-0.1374,-0.19
1925-07-06,-0.2093,-0.3
1925-06-06,-0.2291,-0.34
1925-05-06,-0.2233,-0.3
1925-04-06,-0.1633,-0.25
1925-03-06,-0.1692,-0.24
1925-02-06,-0.2783,-0.35
1925-01-06,-0.3246,-0.34
1924-12-06,-0.3912,-0.43
1924-11-06,-0.2942,-0.23
1924-10-06,-0.2879,-0.36
1924-09-06,-0.2836,-0.3
1924-08-06,-0.2895,-0.35
1924-07-06,-0.2216,-0.27
1924-06-06,-0.2259,-0.28
1924-05-06,-0.1903,-0.19
1924-04-06,-0.2466,-0.35
1924-03-06,-0.113,-0.12
1924-02-06,-0.1859,-0.27
1924-01-06,-0.2536,-0.24
1923-12-06,0.0001,-0.06
1923-11-06,0.0285,0.03
1923-10-06,-0.1619,-0.13
1923-09-06,-0.2454,-0.28
1923-08-06,-0.2824,-0.3
1923-07-06,-0.282,-0.29
1923-06-06,-0.1948,-0.24
1923-05-06,-0.2488,-0.33
1923-04-06,-0.3381,-0.38
1923-03-06,-0.2697,-0.32
1923-02-06,-0.3785,-0.37
1923-01-06,-0.2143,-0.27
1922-12-06,-0.1563,-0.17
1922-11-06,-0.1929,-0.17
1922-10-06,-0.2506,-0.33
1922-09-06,-0.2525,-0.29
1922-08-06,-0.2793,-0.31
1922-07-06,-0.2615,-0.27
1922-06-06,-0.282,-0.32
1922-05-06,-0.2647,-0.34
1922-04-06,-0.1301,-0.22
1922-03-06,-0.0787,-0.13
1922-02-06,-0.2945,-0.44
1922-01-06,-0.3221,-0.34
1921-12-06,-0.0822,-0.18
1921-11-06,-0.1859,-0.16
1921-10-06,-0.0662,-0.06
1921-09-06,-0.1481,-0.16
1921-08-06,-0.1964,-0.24
1921-07-06,-0.1123,-0.16
1921-06-06,-0.1665,-0.31
1921-05-06,-0.1917,-0.36
1921-04-06,-0.2059,-0.36
1921-03-06,-0.2176,-0.28
1921-02-06,-0.1494,-0.21
1921-01-06,-0.0598,-0.04
1920-12-06,-0.3886,-0.47
1920-11-06,-0.251,-0.33
1920-10-06,-0.2096,-0.29
1920-09-06,-0.1755,-0.2
1920-08-06,-0.2306,-0.29
1920-07-06,-0.2436,-0.32
1920-06-06,-0.2559,-0.33
1920-05-06,-0.1682,-0.26
1920-04-06,-0.2098,-0.26
1920-03-06,-0.0583,-0.08
1920-02-06,-0.2197,-0.22
1920-01-06,-0.1157,-0.15
1919-12-06,-0.298,-0.35
1919-11-06,-0.3178,-0.29
1919-10-06,-0.22,-0.16
1919-09-06,-0.1833,-0.17
1919-08-06,-0.2077,-0.19
1919-07-06,-0.2155,-0.21
1919-06-06,-0.2348,-0.28
1919-05-06,-0.1837,-0.2
1919-04-06,-0.0704,-0.17
1919-03-06,-0.2393,-0.25
1919-02-06,-0.053,-0.19
1919-01-06,-0.2424,-0.21
1918-12-06,-0.3195,-0.3
1918-11-06,-0.1154,-0.16
1918-10-06,-0.0998,-0.03
1918-09-06,-0.1481,-0.14
1918-08-06,-0.1777,-0.26
1918-07-06,-0.2024,-0.22
1918-06-06,-0.1829,-0.28
1918-05-06,-0.276,-0.37
1918-04-06,-0.2966,-0.4
1918-03-06,-0.1783,-0.21
1918-02-06,-0.2892,-0.33
1918-01-06,-0.2146,-0.44
1917-12-06,-0.5329,-0.71
1917-11-06,-0.1348,-0.29
1917-10-06,-0.2602,-0.35
1917-09-06,-0.0635,-0.18
1917-08-06,-0.1726,-0.26
1917-07-06,-0.1721,-0.23
1917-06-06,-0.3432,-0.4
1917-05-06,-0.45,-0.48
1917-04-06,-0.3146,-0.38
1917-03-06,-0.4287,-0.47
1917-02-06,-0.4721,-0.53
1917-01-06,-0.4299,-0.46
1916-12-06,-0.5742,-0.78
1916-11-06,-0.3957,-0.42
1916-10-06,-0.2651,-0.28
1916-09-06,-0.2616,-0.29
1916-08-06,-0.2743,-0.27
1916-07-06,-0.2889,-0.34
1916-06-06,-0.3834,-0.44
1916-05-06,-0.2245,-0.27
1916-04-06,-0.1978,-0.25
1916-03-06,-0.2944,-0.31
1916-02-06,-0.1759,-0.23
1916-01-06,-0.1797,-0.2
1915-12-06,-0.0503,-0.25
1915-11-06,-0.0116,-0.12
1915-10-06,-0.1722,-0.22
1915-09-06,-0.1111,-0.12
1915-08-06,-0.076,-0.15
1915-07-06,-0.0284,-0.03
1915-06-06,-0.0858,-0.16
1915-05-06,-0.0685,-0.01
1915-04-06,0.0215,0.07
1915-03-06,-0.1011,-0.08
1915-02-06,-0.0108,-0.01
1915-01-06,-0.1374,-0.2
1914-12-06,-0.0998,-0.1
1914-11-06,-0.1202,-0.2
1914-10-06,-0.0938,-0.05
1914-09-06,-0.1781,-0.13
1914-08-06,-0.1757,-0.15
1914-07-06,-0.2095,-0.24
1914-06-06,-0.1963,-0.22
1914-05-06,-0.1647,-0.19
1914-04-06,-0.2481,-0.28
1914-03-06,-0.1633,-0.23
1914-02-06,-0.1203,-0.13
1914-01-06,0.0961,0.02
1913-12-06,-0.0374,-0.04
1913-11-06,-0.1371,-0.18
1913-10-06,-0.3112,-0.34
1913-09-06,-0.3562,-0.32
1913-08-06,-0.328,-0.32
1913-07-06,-0.3534,-0.34
1913-06-06,-0.3779,-0.46
1913-05-06,-0.394,-0.45
1913-04-06,-0.3506,-0.36
1913-03-06,-0.4077,-0.44
1913-02-06,-0.3899,-0.44
1913-01-06,-0.3513,-0.41
1912-12-06,-0.3553,-0.42
1912-11-06,-0.4122,-0.38
1912-10-06,-0.5185,-0.55
1912-09-06,-0.5056,-0.47
1912-08-06,-0.4516,-0.51
1912-07-06,-0.314,-0.41
1912-06-06,-0.26,-0.26
1912-05-06,-0.2257,-0.2
1912-04-06,-0.2027,-0.2
1912-03-06,-0.3123,-0.37
1912-02-06,-0.1091,-0.13
1912-01-06,-0.2791,-0.27
1911-12-06,-0.2456,-0.25
1911-11-06,-0.2571,-0.2
1911-10-06,-0.3433,-0.26
1911-09-06,-0.3983,-0.38
1911-08-06,-0.4541,-0.43
1911-07-06,-0.4658,-0.41
1911-06-06,-0.4443,-0.47
1911-05-06,-0.4775,-0.51
1911-04-06,-0.5099,-0.55
1911-03-06,-0.5697,-0.62
1911-02-06,-0.5265,-0.6
1911-01-06,-0.5067,-0.64
1910-12-06,-0.5626,-0.69
1910-11-06,-0.4956,-0.56
1910-10-06,-0.4199,-0.39
1910-09-06,-0.3322,-0.37
1910-08-06,-0.3325,-0.34
1910-07-06,-0.3264,-0.31
1910-06-06,-0.3525,-0.36
1910-05-06,-0.2999,-0.34
1910-04-06,-0.339,-0.39
1910-03-06,-0.4202,-0.47
1910-02-06,-0.3627,-0.43
1910-01-06,-0.3035,-0.44
1909-12-06,-0.4071,-0.55
1909-11-06,-0.2733,-0.31
1909-10-06,-0.3935,-0.39
1909-09-06,-0.3611,-0.37
1909-08-06,-0.3052,-0.3
1909-07-06,-0.435,-0.43
1909-06-06,-0.4145,-0.52
1909-05-06,-0.4512,-0.54
1909-04-06,-0.5264,-0.59
1909-03-06,-0.5399,-0.52
1909-02-06,-0.4563,-0.47
1909-01-06,-0.5499,-0.7
1908-12-06,-0.3846,-0.5
1908-11-06,-0.4833,-0.51
1908-10-06,-0.5169,-0.43
1908-09-06,-0.3973,-0.33
1908-08-06,-0.4787,-0.45
1908-07-06,-0.3874,-0.35
1908-06-06,-0.4062,-0.39
1908-05-06,-0.3982,-0.4
1908-04-06,-0.4832,-0.46
1908-03-06,-0.6041,-0.58
1908-02-06,-0.3753,-0.36
1908-01-06,-0.36,-0.46
1907-12-06,-0.3922,-0.5
1907-11-06,-0.5055,-0.51
1907-10-06,-0.3047,-0.24
1907-09-06,-0.3364,-0.32
1907-08-06,-0.3378,-0.37
1907-07-06,-0.3547,-0.35
1907-06-06,-0.3742,-0.43
1907-05-06,-0.4669,-0.46
1907-04-06,-0.3508,-0.4
1907-03-06,-0.276,-0.25
1907-02-06,-0.4038,-0.53
1907-01-06,-0.3443,-0.44
1906-12-06,-0.165,-0.18
1906-11-06,-0.3676,-0.38
1906-10-06,-0.2809,-0.2
1906-09-06,-0.3053,-0.25
1906-08-06,-0.2362,-0.19
1906-07-06,-0.2467,-0.27
1906-06-06,-0.1768,-0.22
1906-05-06,-0.2166,-0.21
1906-04-06,-0.0514,-0.02
1906-03-06,-0.1484,-0.15
1906-02-06,-0.2379,-0.34
1906-01-06,-0.1755,-0.31
1905-12-06,-0.1334,-0.21
1905-11-06,-0.0916,-0.08
1905-10-06,-0.296,-0.23
1905-09-06,-0.2239,-0.15
1905-08-06,-0.2275,-0.21
1905-07-06,-0.1918,-0.25
1905-06-06,-0.2503,-0.31
1905-05-06,-0.2879,-0.33
1905-04-06,-0.4481,-0.36
1905-03-06,-0.394,-0.25
1905-02-06,-0.6187,-0.59
1905-01-06,-0.354,-0.38
1904-12-06,-0.2414,-0.29
1904-11-06,-0.1686,-0.16
1904-10-06,-0.4066,-0.35
1904-09-06,-0.4632,-0.47
1904-08-06,-0.4314,-0.43
1904-07-06,-0.4597,-0.48
1904-06-06,-0.4403,-0.49
1904-05-06,-0.4282,-0.5
1904-04-06,-0.4717,-0.5
1904-03-06,-0.5129,-0.46
1904-02-06,-0.467,-0.55
1904-01-06,-0.5416,-0.64
1903-12-06,-0.3861,-0.47
1903-11-06,-0.395,-0.38
1903-10-06,-0.4357,-0.42
1903-09-06,-0.3756,-0.43
1903-08-06,-0.4296,-0.44
1903-07-06,-0.334,-0.3
1903-06-06,-0.3759,-0.44
1903-05-06,-0.3912,-0.41
1903-04-06,-0.354,-0.39
1903-03-06,-0.2755,-0.23
1903-02-06,-0.08,-0.06
1903-01-06,-0.2101,-0.27
1902-12-06,-0.3592,-0.46
1902-11-06,-0.343,-0.36
1902-10-06,-0.2821,-0.27
1902-09-06,-0.2315,-0.2
1902-08-06,-0.2643,-0.28
1902-07-06,-0.2902,-0.26
1902-06-06,-0.3324,-0.34
1902-05-06,-0.2616,-0.31
1902-04-06,-0.2697,-0.27
1902-03-06,-0.1954,-0.29
1902-02-06,-0.0409,-0.03
1902-01-06,-0.0856,-0.19
1901-12-06,-0.2372,-0.3
1901-11-06,-0.1425,-0.17
1901-10-06,-0.2786,-0.29
1901-09-06,-0.2059,-0.17
1901-08-06,-0.1299,-0.13
1901-07-06,-0.1563,-0.09
1901-06-06,-0.1273,-0.1
1901-05-06,-0.1248,-0.18
1901-04-06,-0.0646,-0.06
1901-03-06,-0.0327,0.05
1901-02-06,-0.0741,-0.05
1901-01-06,-0.1259,-0.3
1900-12-06,0.032,-0.14
1900-11-06,-0.1345,-0.13
1900-10-06,0.0464,0.08
1900-09-06,-0.06,0.01
1900-08-06,-0.0708,-0.04
1900-07-06,-0.0728,-0.09
1900-06-06,-0.045,-0.15
1900-05-06,-0.0371,-0.06
1900-04-06,-0.0985,-0.14
1900-03-06,-0.0402,0.02
1900-02-06,-0.0934,-0.08
1900-01-06,-0.2404,-0.4
1899-12-06,-0.1656,-0.27
1899-11-06,0.1523,0.12
1899-10-06,-0.0241,0.0
1899-09-06,-0.0307,0.0
1899-08-06,-0.0664,-0.04
1899-07-06,-0.1259,-0.13
1899-06-06,-0.1977,-0.26
1899-05-06,-0.1203,-0.2
1899-04-06,-0.1946,-0.21
1899-03-06,-0.2549,-0.35
1899-02-06,-0.2787,-0.39
1899-01-06,-0.1005,-0.18
1898-12-06,-0.0073,-0.22
1898-11-06,-0.2417,-0.35
1898-10-06,-0.3234,-0.32
1898-09-06,-0.1968,-0.19
1898-08-06,-0.2306,-0.22
1898-07-06,-0.2426,-0.22
1898-06-06,-0.2078,-0.2
1898-05-06,-0.2887,-0.35
1898-04-06,-0.3467,-0.33
1898-03-06,-0.6515,-0.55
1898-02-06,-0.2785,-0.34
1898-01-06,-0.0399,-0.06
1897-12-06,-0.2989,-0.26
1897-11-06,-0.2619,-0.18
1897-10-06,-0.1608,-0.1
1897-09-06,-0.0247,-0.04
1897-08-06,-0.0735,-0.03
1897-07-06,-0.0401,-0.04
1897-06-06,-0.1,-0.12
1897-05-06,-0.0256,0.0
1897-04-06,-0.0032,-0.01
1897-03-06,-0.1863,-0.12
1897-02-06,-0.1086,-0.19
1897-01-06,-0.1857,-0.22
1896-12-06,0.049,-0.12
1896-11-06,-0.1659,-0.16
1896-10-06,-0.0056,0.04
1896-09-06,-0.0679,-0.05
1896-08-06,-0.0723,-0.09
1896-07-06,-0.0509,-0.06
1896-06-06,-0.0925,-0.13
1896-05-06,-0.1042,-0.19
1896-04-06,-0.266,-0.33
1896-03-06,-0.2079,-0.29
1896-02-06,-0.0789,-0.15
1896-01-06,-0.1056,-0.23
1895-12-06,-0.069,-0.12
1895-11-06,-0.1602,-0.15
1895-10-06,-0.1317,-0.11
1895-09-06,-0.1329,-0.02
1895-08-06,-0.2243,-0.16
1895-07-06,-0.201,-0.16
1895-06-06,-0.2938,-0.25
1895-05-06,-0.2076,-0.23
1895-04-06,-0.1868,-0.23
1895-03-06,-0.2879,-0.3
1895-02-06,-0.4136,-0.42
1895-01-06,-0.4389,-0.44
1894-12-06,-0.2412,-0.22
1894-11-06,-0.2979,-0.25
1894-10-06,-0.2135,-0.17
1894-09-06,-0.2531,-0.23
1894-08-06,-0.2735,-0.29
1894-07-06,-0.2738,-0.32
1894-06-06,-0.3487,-0.43
1894-05-06,-0.3018,-0.3
1894-04-06,-0.3023,-0.41
1894-03-06,-0.2064,-0.2
1894-02-06,-0.2215,-0.31
1894-01-06,-0.436,-0.55
1893-12-06,-0.2452,-0.38
1893-11-06,-0.1657,-0.17
1893-10-06,-0.2099,-0.16
1893-09-06,-0.2587,-0.18
1893-08-06,-0.3281,-0.24
1893-07-06,-0.2018,-0.14
1893-06-06,-0.2405,-0.24
1893-05-06,-0.3421,-0.35
1893-04-06,-0.35,-0.32
1893-03-06,-0.2218,-0.24
1893-02-06,-0.6107,-0.51
1893-01-06,-0.6796,-0.69
1892-12-06,-0.4708,-0.29
1892-11-06,-0.4728,-0.49
1892-10-06,-0.2464,-0.17
1892-09-06,-0.2198,-0.25
1892-08-06,-0.3279,-0.2
1892-07-06,-0.3497,-0.28
1892-06-06,-0.2831,-0.2
1892-05-06,-0.3081,-0.25
1892-04-06,-0.3203,-0.35
1892-03-06,-0.3032,-0.36
1892-02-06,-0.1353,-0.15
1892-01-06,-0.2372,-0.26
1891-12-06,-0.0421,-0.03
1891-11-06,-0.3968,-0.37
1891-10-06,-0.2861,-0.24
1891-09-06,-0.1514,-0.13
1891-08-06,-0.2313,-0.21
1891-07-06,-0.2264,-0.22
1891-06-06,-0.2023,-0.22
1891-05-06,-0.1374,-0.17
1891-04-06,-0.2523,-0.25
1891-03-06,-0.212,-0.15
1891-02-06,-0.5228,-0.49
1891-01-06,-0.3772,-0.46
1890-12-06,-0.2302,-0.3
1890-11-06,-0.3419,-0.37
1890-10-06,-0.2941,-0.23
1890-09-06,-0.3508,-0.36
1890-08-06,-0.3257,-0.36
1890-07-06,-0.2802,-0.3
1890-06-06,-0.2875,-0.27
1890-05-06,-0.3892,-0.48
1890-04-06,-0.2588,-0.38
1890-03-06,-0.3189,-0.41
1890-02-06,-0.4268,-0.48
1890-01-06,-0.3594,-0.48
1889-12-06,-0.175,-0.31
1889-11-06,-0.2769,-0.32
1889-10-06,-0.1913,-0.22
1889-09-06,-0.2264,-0.18
1889-08-06,-0.137,-0.18
1889-07-06,-0.1604,-0.05
1889-06-06,-0.0698,-0.12
1889-05-06,-0.0326,-0.03
1889-04-06,0.0496,0.04
1889-03-06,0.1207,0.04
1889-02-06,0.0152,0.14
1889-01-06,-0.0944,-0.21
1888-12-06,0.0445,-0.12
1888-11-06,-0.0418,0.0
1888-10-06,0.019,0.01
1888-09-06,-0.069,-0.07
1888-08-06,-0.1633,-0.11
1888-07-06,-0.1149,-0.1
1888-06-06,-0.0943,-0.2
1888-05-06,-0.1561,-0.22
1888-04-06,-0.1761,-0.28
1888-03-06,-0.2974,-0.47
1888-02-06,-0.3288,-0.43
1888-01-06,-0.3871,-0.43
1887-12-06,-0.1988,-0.38
1887-11-06,-0.1572,-0.25
1887-10-06,-0.2995,-0.32
1887-09-06,-0.1827,-0.19
1887-08-06,-0.3148,-0.28
1887-07-06,-0.2707,-0.19
1887-06-06,-0.2149,-0.21
1887-05-06,-0.239,-0.33
1887-04-06,-0.1899,-0.37
1887-03-06,-0.1655,-0.32
1887-02-06,-0.3745,-0.48
1887-01-06,-0.3792,-0.66
1886-12-06,-0.163,-0.25
1886-11-06,-0.1952,-0.26
1886-10-06,-0.2261,-0.25
1886-09-06,-0.1969,-0.19
1886-08-06,-0.2146,-0.31
1886-07-06,-0.1599,-0.16
1886-06-06,-0.2468,-0.39
1886-05-06,-0.1573,-0.27
1886-04-06,-0.1679,-0.29
1886-03-06,-0.2823,-0.41
1886-02-06,-0.2795,-0.46
1886-01-06,-0.1143,-0.43
1885-12-06,0.05,-0.07
1885-11-06,-0.1262,-0.22
1885-10-06,-0.1289,-0.2
1885-09-06,-0.1963,-0.19
1885-08-06,-0.2407,-0.27
1885-07-06,-0.2375,-0.29
1885-06-06,-0.3052,-0.5
1885-05-06,-0.2787,-0.42
1885-04-06,-0.2564,-0.45
1885-03-06,-0.1473,-0.24
1885-02-06,-0.2558,-0.3
1885-01-06,-0.4267,-0.66
1884-12-06,-0.144,-0.3
1884-11-06,-0.2692,-0.3
1884-10-06,-0.1695,-0.22
1884-09-06,-0.2238,-0.24
1884-08-06,-0.2698,-0.27
1884-07-06,-0.2985,-0.35
1884-06-06,-0.1939,-0.38
1884-05-06,-0.1282,-0.32
1884-04-06,-0.1809,-0.36
1884-03-06,-0.2061,-0.36
1884-02-06,-0.143,-0.13
1884-01-06,-0.1843,-0.18
1883-12-06,-0.0738,-0.19
1883-11-06,-0.1683,-0.21
1883-10-06,-0.1612,-0.12
1883-09-06,-0.1467,-0.19
1883-08-06,-0.0526,-0.14
1883-07-06,-0.0849,-0.09
1883-06-06,-0.0066,-0.13
1883-05-06,-0.1455,-0.26
1883-04-06,-0.1746,-0.25
1883-03-06,-0.1326,-0.18
1883-02-06,-0.2915,-0.42
1883-01-06,-0.2707,-0.34
1882-12-06,-0.1705,-0.25
1882-11-06,-0.1279,-0.21
1882-10-06,-0.2101,-0.23
1882-09-06,0.0077,-0.01
1882-08-06,-0.0037,0.03
1882-07-06,-0.0666,-0.11
1882-06-06,-0.1391,-0.25
1882-05-06,-0.1459,-0.18
1882-04-06,-0.1241,-0.2
1882-03-06,0.0754,0.01
1882-02-06,0.0385,0.08
1882-01-06,0.0883,0.09
1881-12-06,-0.0439,-0.16
1881-11-06,-0.2194,-0.26
1881-10-06,-0.2207,-0.2
1881-09-06,-0.1824,-0.09
1881-08-06,-0.0519,-0.03
1881-07-06,-0.0329,-0.07
1881-06-06,-0.0892,-0.28
1881-05-06,0.0284,-0.04
1881-04-06,0.0734,-0.03
1881-03-06,0.0348,0.01
1881-02-06,-0.0296,-0.14
1881-01-06,-0.0205,-0.1
1880-12-06,-0.0775,-0.22
1880-11-06,-0.2672,-0.19
1880-10-06,-0.1786,-0.16
1880-09-06,-0.0817,-0.17
1880-08-06,-0.0725,-0.08
1880-07-06,-0.1491,-0.24
1880-06-06,-0.1692,-0.29
1880-05-06,-0.0738,-0.14
1880-04-06,-0.0499,-0.27
1880-03-06,-0.1357,-0.18
1880-02-06,-0.1229,-0.21
1880-01-06,0.0009,-0.3
